X,Y,OBJECTID,Type,Detail_Type,DISTRICT,COUNTY,FACILITY,Camp_type,TOTAL_SITE,ADA_SITES,name,Ownership,Management,Surface,Use_,Condition,Lat,Long
-84.402374067419515,42.943504831505635,10330,Campground,State Park,Rose Lake,Clinton,Sleepy Hollow State Park,Modern,203,0,Sleepy Hollow State Park  ,State,DNR,Dirt,Recreation,Unknown,42.94230668,-84.40377287
-84.403789863984073,42.934447559839207,10331,Campground,State Park,Rose Lake,Clinton,Sleepy Hollow State Park,Organizational,1,0,Sleepy Hollow State Park  ,State,DNR,Dirt,Recreation,Unknown,42.93331759,-84.39831782
-83.847234907164648,42.502180488301924,5986,Campground,State Park,Rose Lake,Livingston,Brighton Recreation Area,Modern,144,0,Brighton Recreation Area Bishop Lake,State,DNR,Dirt,Recreation,Unknown,42.50217232,-83.84723023
-83.840794694449642,42.497438796970506,5987,Campground,State Park,Rose Lake,Livingston,Brighton Recreation Area,Organizational,10,0,Brighton Recreation Area  ,State,DNR,Dirt,Recreation,Unknown,42.49743063,-83.84079002
-83.817287769486512,42.507245957688511,5988,Campground,State Park,Rose Lake,Livingston,Brighton Recreatino Area,Rustic,25,0,Brighton Recreatino Area Murray Lake,State,DNR,Dirt,Recreation,Unknown,42.50723779,-83.8172831
-83.834514055952567,42.506583185989918,5989,Campground,State Park,Rose Lake,Livingston,Brighton Recreation Area,Rustic,25,0,Brighton Recreation Area Appleton Lake,State,DNR,Dirt,Recreation,Unknown,42.50657502,-83.83450939
-82.515547271622978,42.654092798668458,5990,Campground,State Park,Pontiac,St. Clair,Algonac State Park,Modern,219,0,Algonac State Park Riverfront,State,DNR,Dirt,Recreation,Unknown,42.65408454,-82.51554299
-82.522891448567492,42.656144472910796,5991,Campground,State Park,Pontiac,St. Clair,Algonac State Park,Modern,75,3,Algonac State Park Wagonwheel,State,DNR,Dirt,Recreation,Unknown,42.65613621,-82.52288717
-82.525826317715911,42.658166734840137,5992,Campground,State Park,Pontiac,St. Clair,Algonac State Park,Organizational,2,0,Algonac State Park  ,State,DNR,Dirt,Recreation,Unknown,42.65815848,-82.52582204
-84.465666231110092,45.517318237797589,5993,Campground,State Park,Gaylord,Cheboygan,Aloha State Park,Modern,297,13,Aloha State Park  ,State,DNR,Dirt,Recreation,Unknown,45.5173096,-84.46566105
-88.500494871626671,46.761499753593618,5994,Campground,State Park,Baraga,Baraga,Baraga State Park,"Modern
Modern",120,0,Baraga State Park  ,State,DNR,Dirt,Recreation,Unknown,46.76149118,-88.50048828
-83.902079301664756,43.664368271606861,5995,Campground,State Park,Bay City,Bay,Bay City Recreation Area,Modern,184,0,Bay City Recreation Area  ,State,DNR,Dirt,Recreation,Unknown,43.66435991,-83.9020745
-83.90163826674241,43.663376621560296,5996,Campground,State Park,Bay City,Bay,Bay City Recreation Area,Organizational,2,0,Bay City Recreation Area  ,State,DNR,Dirt,Recreation,Unknown,43.66336826,-83.90163346
-88.433622743825367,46.08878706809206,5997,Campground,State Park,Baraga,Iron,Bewabic State Park,Modern,148,0,Bewabic State Park  ,State,DNR,Dirt,Recreation,Unknown,46.08877859,-88.43361627
-84.554552198261206,46.416695533677412,5998,Campground,State Park,Gaylord,Chippewa,Brimley State Park,Modern,272,0,Brimley State Park  ,State,DNR,Dirt,Recreation,Unknown,46.41668676,-84.55454688
-84.559700767672197,46.41382902479279,5999,Campground,State Park,Gaylord,Chippewa,Brimley State Park,Organizational,3,0,Brimley State Park  ,State,DNR,Dirt,Recreation,Unknown,46.41382025,-84.55969545
-84.629974305596704,45.400587431248212,6000,Campground,State Park,Gaylord,Cheboygan,Burt Lake State Park,Modern,303,7,Burt Lake State Park  ,State,DNR,Dirt,Recreation,Unknown,45.40057882,-84.62996909
-84.625531550402229,45.403087219131223,6001,Campground,State Park,Gaylord,Cheboygan,Burt Lake State Park,Organizational,3,0,Burt Lake State Park  ,State,DNR,Dirt,Recreation,Unknown,45.40307861,-84.62552633
-84.418875519856357,45.658081681834076,6002,Campground,State Park,Gaylord,Cheboygan,Cheboygan State park,Modern,74,0,Cheboygan State park  ,State,DNR,Dirt,Recreation,Unknown,45.65807302,-84.41887034
-84.419197420367695,45.647428972831726,6003,Campground,State Park,Gaylord,Cheboygan,Cheboygan State Park,Organizational,6,0,Cheboygan State Park  ,State,DNR,Dirt,Recreation,Unknown,45.64742031,-84.41919224
-84.183926212503351,45.132022389213709,6004,Campground,State Park,Gaylord,Montmorency,Clear Lake State Park,Modern,199,0,Clear Lake State Park  ,State,DNR,Dirt,Recreation,Unknown,45.1320138,-84.18392116
-84.187633161685469,45.132251018205906,6005,Campground,State Park,Gaylord,Montmorency,Clear Lake State Park,Organizational,3,0,Clear Lake State Park  ,State,DNR,Dirt,Recreation,Unknown,45.13224243,-84.18762811
-86.669155104192868,45.711658058650954,6006,Campground,State Park,Baraga,Delta,Fayette State Park,Semi Modern,63,2,Fayette State Park  ,State,DNR,Dirt,Recreation,Unknown,45.71164952,-86.66914922
-85.311608174591456,45.305484330073675,6007,Campground,State Park,Gaylord,Charlevoix,Fisherman's Island State Park,Rustic,35,0,Fisherman's Island State Park North,State,DNR,Dirt,Recreation,Unknown,45.30547578,-85.31160276
-85.334230584016254,45.289929159473495,6008,Campground,State Park,Gaylord,Charlevoix,Fisherman's Island State Park,Rustic,35,0,Fisherman's Island State Park South,State,DNR,Dirt,Recreation,Unknown,45.28992061,-85.33422516
-85.348422696942691,42.317794096963851,6009,Campground,State Park,Plainwell,Kalamazoo,Fort Custer Recreation Area,Modern,217,11,Fort Custer Recreation Area  ,State,DNR,Dirt,Recreation,Unknown,42.31778604,-85.34841758
-85.357591691525485,42.324173892754537,6010,Campground,State Park,Plainwell,Kalamazoo,Fort Custer Recreation Area,Organizational,5,0,Fort Custer Recreation Area  ,State,DNR,Dirt,Recreation,Unknown,42.32416584,-85.35758658
-85.356956230770678,42.313155516761348,6011,Campground,State Park,Plainwell,Kalamazoo,Fort Custer Recreation Area,Organizational,2,0,Fort Custer Recreation Area  ,State,DNR,Dirt,Recreation,Unknown,42.31314746,-85.35695112
-87.859143057790874,47.466074305957946,6012,Campground,State Park,Baraga,Keweenaw,Fort Wilkins State Park,Modern,81,0,Fort Wilkins State Park East,State,DNR,Dirt,Recreation,Unknown,47.46606558,-87.85913657
-87.869702011329977,47.466445995988266,6013,Campground,State Park,Baraga,Keweenaw,Fort Wilkins State Park,Modern,78,0,Fort Wilkins State Park West,State,DNR,Dirt,Recreation,Unknown,47.46643727,-87.86969552
-87.877551784940636,47.466009886127871,6014,Campground,State Park,Baraga,Keweenaw,Fort Wilkins State Park,Organizational,5,0,Fort Wilkins State Park  ,State,DNR,Dirt,Recreation,Unknown,47.46600117,-87.87754529
-86.24806630666842,43.056939999601219,6015,Campground,State Park,Plainwell,Ottawa,Grand Haven State Park,Modern,198,5,Grand Haven State Park  ,State,DNR,Dirt,Recreation,Unknown,43.05693187,-86.24806085
-83.294039646208333,44.648963429533701,6016,Campground,State Park,Roscommon,Alcona,Harrisville State Park,Modern,195,0,Harrisville State Park  ,State,DNR,Dirt,Recreation,Unknown,44.64895487,-83.29403493
-84.684924664078025,44.737659661443907,6017,Campground,State Park,Roscommon,Crawford,Hartwick Pines State Park,Modern,103,6,Hartwick Pines State Park  ,State,DNR,Dirt,Recreation,Unknown,44.73765116,-84.6849195
-84.644493106074435,44.73314608958642,6018,Campground,State Park,Roscommon,Crawford,Hartwick Pines State Park,Organizational,9,0,Hartwick Pines State Park  ,State,DNR,Dirt,Recreation,Unknown,44.73313759,-84.64448796
-83.543883437703698,42.635574242306944,6019,Campground,State Park,Pontiac,Oakland,Highland Recreation Area,Equestrian,25,0,Highland Recreation Area  ,State,DNR,Dirt,Recreation,Unknown,42.63556604,-83.54387884
-83.556237740541377,42.632819129199667,6020,Campground,State Park,Pontiac,Oakland,Highland Recreation Area,Organizational,6,0,Highland Recreation Area  ,State,DNR,Dirt,Recreation,Unknown,42.63281093,-83.55623314
-83.886040199956128,45.468311918420248,6021,Campground,State Park,Gaylord,Presque Isle,Hoeft State Park,Modern,141,0,Hoeft State Park  ,State,DNR,Dirt,Recreation,Unknown,45.46830326,-83.88603521
-83.881430673264774,45.464935895617394,6022,Campground,State Park,Gaylord,Presque Isle,Hoeft State Park,Organizational,1,0,Hoeft State Park  ,State,DNR,Dirt,Recreation,Unknown,45.46492724,-83.88142568
-86.273830732952518,43.13743388228054,6023,Campground,State Park,Plainwell,Muskegon,Hoffmaster State Park,Modern,293,0,Hoffmaster State Park  ,State,DNR,Dirt,Recreation,Unknown,43.13742574,-86.27382526
-86.261763484705583,43.125125606042083,6024,Campground,State Park,Plainwell,Muskegon,Hoffmaster State Park,Organizational,2,0,Hoffmaster State Park  ,State,DNR,Dirt,Recreation,Unknown,43.12511746,-86.26175802
-86.207101827981916,42.775325413907282,6025,Campground,State Park,Plainwell,Ottawa,Holland State Park,Modern,110,11,Holland State Park Lake Macatawa,State,DNR,Dirt,Recreation,Unknown,42.77531733,-86.20709641
-86.200381941245013,42.779825976483103,6026,Campground,State Park,Plainwell,Ottawa,Holland State Park,Modern,61,8,Holland State Park Beach,State,DNR,Dirt,Recreation,Unknown,42.77981789,-86.20037653
-83.523202177829674,42.825491904893937,6027,Campground,State Park,Bay City,Oakland,Holly Recreation Area,Modern,144,2,Holly Recreation Area Mcginnis Lake,State,DNR,Dirt,Recreation,Unknown,42.82548367,-83.52319757
-83.530732894534736,42.8250155421551,6028,Campground,State Park,Bay City,Oakland,Holly Recreation Area,Modern,15,0,Holly Recreation Area Mcginnis Lake,State,DNR,Dirt,Recreation,Unknown,42.82500731,-83.53072829
-83.513271458494401,42.818004874957936,6029,Campground,State Park,Bay City,Oakland,Holly Recreation Area,Organizational,5,0,Holly Recreation Area  ,State,DNR,Dirt,Recreation,Unknown,42.81799664,-83.51326686
-86.328437453296218,45.946171682206206,6030,Campground,State Park,Baraga,Schoolcraft,Inidan Lakes State Park,Modern,131,10,Inidan Lakes State Park South,State,DNR,Dirt,Recreation,Unknown,45.94616309,-86.32843164
-86.361044453682055,45.970416988919489,6031,Campground,State Park,Baraga,Schoolcraft,Indian Lakes State Park,Semi Modern,56,0,Indian Lakes State Park West,State,DNR,Dirt,Recreation,Unknown,45.97040839,-86.36103863
-85.759257873278145,44.625481114129414,6032,Campground,State Park,Gaylord,Grand Traverse,Interlochen State Park,Modern,208,11,Interlochen State Park Duck Lake,State,DNR,Dirt,Recreation,Unknown,44.6254727,-85.75925239
-85.762394697218426,44.63139636447498,6033,Campground,State Park,Gaylord,Grand Traverse,Interlochen State Park,Modern,220,0,Interlochen State Park Duck Lake,State,DNR,Dirt,Recreation,Unknown,44.63138795,-85.76238922
-85.765539807731301,44.625828763631027,6034,Campground,State Park,Gaylord,Grand Traverse,Interlochen State Park,Rustic,31,0,Interlochen State Park Green Lake,State,DNR,Dirt,Recreation,Unknown,44.62582035,-85.76553433
-85.763170155695533,44.623148217653842,6035,Campground,State Park,Gaylord,Grand Traverse,Interlochen State Park,Rustic,15,0,Interlochen State Park Green Lake,State,DNR,Dirt,Recreation,Unknown,44.6231398,-85.76316468
-85.761069609442103,44.621499420110268,6036,Campground,State Park,Gaylord,Grand Traverse,Interlochen State Park,Rustic,14,0,Interlochen State Park Green Lake,State,DNR,Dirt,Recreation,Unknown,44.621491,-85.76106413
-85.763574402325631,44.629252784035458,6037,Campground,State Park,Gaylord,Grand Traverse,Interlochen State Park,Organizational,1,0,Interlochen State Park Duck Lake,State,DNR,Dirt,Recreation,Unknown,44.62924437,-85.76356892
-85.762700363244107,44.623509560963996,6038,Campground,State Park,Gaylord,Grand Traverse,Interlochen State Park,Organizational,1,0,Interlochen State Park Green Lake,State,DNR,Dirt,Recreation,Unknown,44.62350114,-85.76269488
-85.118875108755461,42.937826195707714,6039,Campground,State Park,Rose Lake,Ionia,Ionia Recreation Area,Modern,98,5,Ionia Recreation Area  ,State,DNR,Dirt,Recreation,Unknown,42.93781802,-85.11887
-85.11637183177416,42.940342945748718,6040,Campground,State Park,Rose Lake,Ionia,Ionia Recreation Area,Equestrian,49,0,Ionia Recreation Area  ,State,DNR,Dirt,Recreation,Unknown,42.94033477,-85.11636673
-85.115072758001062,42.944801999259134,6041,Campground,State Park,Rose Lake,Ionia,Ionia Recreatino Area,Organizational,30,0,Ionia Recreatino Area  ,State,DNR,Dirt,Recreation,Unknown,42.94479383,-85.11506765
-87.364812677085837,45.390084618711995,6042,Campground,State Park,Baraga,Ionia,Wells State Park,Modern,150,8,Wells State Park  ,State,DNR,Dirt,Recreation,Unknown,45.39007618,-87.36480662
-89.572414888896532,46.460409835986447,6043,Campground,State Park,Baraga,Gogebic,Lake Gogebic State Park,Modern,127,0,Lake Gogebic State Park  ,State,DNR,Dirt,Recreation,Unknown,46.46040137,-89.57240802
-84.259931296256951,41.824372605515791,6044,Campground,State Park,Rose Lake,Lenawee,Lake Hudson State Park,Semi Modern,50,0,Lake Hudson State Park  ,State,DNR,Dirt,Recreation,Unknown,41.82436458,-84.25992656
-82.494619329021347,43.131281450331883,6045,Campground,State Park,Bay City,St. Clair,Lakeport State Park,Modern,194,0,Lakeport State Park  ,State,DNR,Dirt,Recreation,Unknown,43.13127311,-82.49461501
-82.4943324547651,43.125139411314812,6046,Campground,State Park,Bay City,St. Clair,Lakeport State Park,Modern,56,0,Lakeport State Park  ,State,DNR,Dirt,Recreation,Unknown,43.12513107,-82.49432814
-82.493148646589347,43.121263852316417,6047,Campground,State Park,Bay City,St. Clair,Lakeport State Park,Organizational,4,0,Lakeport State Park  ,State,DNR,Dirt,Recreation,Unknown,43.12125551,-82.49314433
-82.497547958930554,43.131488581929176,6048,Campground,State Park,Bay City,St. Clair,Lakeport State Park,Organizational,4,0,Lakeport State Park  ,State,DNR,Dirt,Recreation,Unknown,43.13148024,-82.49754364
-85.542687231116133,45.209908920910863,6049,Campground,State Park,Roscommon,Leelanau,Leelanau State Park,Rustic,52,0,Leelanau State Park  ,State,DNR,Dirt,Recreation,Unknown,45.2099004,-85.54268175
-86.505176507441135,44.035342913069563,6050,Campground,State Park,Cadillac,Mason,Ludington State Park,Modern,97,5,Ludington State Park Pines,State,DNR,Dirt,Recreation,Unknown,44.03533463,-86.50517087
-86.500934192636521,44.038487460694938,6051,Campground,State Park,Cadillac,Mason,Ludington State Park,Modern,105,4,Ludington State Park Cedars,State,DNR,Dirt,Recreation,Unknown,44.03847918,-86.50092855
-86.494721436277445,44.038047684038666,6052,Campground,State Park,Cadillac,Mason,Ludington State Park,Modern,144,0,Ludington State Park Beechwood,State,DNR,Dirt,Recreation,Unknown,44.0380394,-86.4947158
-86.510401810280385,44.044115468089217,6053,Campground,State Park,Cadillac,Mason,Ludington State Park,Rustic,10,0,Ludington State Park Jackpine,State,DNR,Dirt,Recreation,Unknown,44.04410719,-86.51039617
-88.603832838884287,47.238423460501757,6054,Campground,State Park,Baraga,Houghton,Mclain State Park,Modern,103,0,Mclain State Park  ,State,DNR,Dirt,Recreation,Unknown,47.23841482,-88.60382615
-86.43823718405055,43.783865558083782,6055,Campground,State Park,Cadillac,Oceana,Mears State Park,Modern,178,0,Mears State Park  ,State,DNR,Dirt,Recreation,Unknown,43.78385732,-86.43823159
-83.350498721330766,42.942486904021855,6056,Campground,State Park,Bay City,Lapeer,Metamora-Hadley Recreation Area,Modern,88,0,Metamora-Hadley Recreation Area  ,State,DNR,Dirt,Recreation,Unknown,42.94247864,-83.35049416
-83.348257632357871,42.936342519124466,6057,Campground,State Park,Bay City,Lapeer,Metamora-Hadley Recreation Area,Modern,125,0,Metamora-Hadley Recreation Area  ,State,DNR,Dirt,Recreation,Unknown,42.93633425,-83.34825307
-85.452463909307397,44.237951484366143,6058,Campground,State Park,Cadillac,Wexford,Mitchell State Park,Modern,225,11,Mitchell State Park  ,State,DNR,Dirt,Recreation,Unknown,44.23794311,-85.45245857
-85.631033267634066,46.675728458250056,6059,Campground,State Park,Gaylord,Luce,Muskallonge Lake State Park,Modern,171,0,Muskallonge Lake State Park  ,State,DNR,Dirt,Recreation,Unknown,46.67571971,-85.63102758
-84.024332879602795,44.414604086068977,6060,Campground,State Park,Roscommon,Ogemaw,Rifle River Recreation Area,Modern,80,0,Rifle River Recreation Area Grousehaven,State,DNR,Dirt,Recreation,Unknown,44.41459561,-84.02432796
-84.029058464731122,44.398098649384991,6061,Campground,State Park,Roscommon,Ogemaw,Rifle River Recreation Area,Rustic,38,0,Rifle River Recreation Area Devoe Lake,State,DNR,Dirt,Recreation,Unknown,44.39809017,-84.02905354
-84.038350427481816,44.400388322630413,6062,Campground,State Park,Roscommon,Ogemaw,Rifle River Recreation Area,Rustic,1,0,Rifle River Recreation Area  ,State,DNR,Dirt,Recreation,Unknown,44.40037985,-84.0383455
-84.036299830290929,44.391670441236798,6063,Campground,State Park,Roscommon,Ogemaw,Rifle River Recreation Area,Rustic,64,0,Rifle River Recreation Area Ranch,State,DNR,Dirt,Recreation,Unknown,44.39166197,-84.03629491
-84.034346598271881,44.386885950560504,6064,Campground,State Park,Roscommon,Ogemaw,Rifle River Recreation Area,Rustic,18,0,Rifle River Recreation Area Spruce,State,DNR,Dirt,Recreation,Unknown,44.38687748,-84.03434168
-86.357746292366684,43.26175773138462,6065,Campground,State Park,Cadillac,Muskegon,Muskegon State Park,Modern,86,0,Muskegon State Park Lake Michigan,State,DNR,Dirt,Recreation,Unknown,43.26174957,-86.35774078
-86.346920704121899,43.249914291921591,6066,Campground,State Park,Cadillac,Muskegon,Muskegon State Park,Organizational,1,0,Muskegon State Park  ,State,DNR,Dirt,Recreation,Unknown,43.24990613,-86.3469152
-86.329542582077323,43.234817255278948,6067,Campground,State Park,Cadillac,Muskegon,Muskegon State Park,Modern,116,0,Muskegon State Park Channel,State,DNR,Dirt,Recreation,Unknown,43.2348091,-86.32953708
-85.584783244020514,43.503757873482108,6068,Campground,State Park,Cadillac,Newaygo,Newaygo State Park,Rustic,48,1,Newaygo State Park Poplar,State,DNR,Dirt,Recreation,Unknown,43.50374963,-85.58477794
-85.588877191968649,43.505194942815052,6069,Campground,State Park,Cadillac,Newaygo,Newaygo State Park,Rustic,51,0,Newaygo State Park Oak,State,DNR,Dirt,Recreation,Unknown,43.5051867,-85.58887189
-84.752982339019653,44.513964264129385,6070,Campground,State Park,Roscommon,Crawford,North Higgins Lake State Park,Modern,82,0,North Higgins Lake State Park West,State,DNR,Dirt,Recreation,Unknown,44.51395581,-84.75297718
-84.763387273095802,44.513695994381628,6071,Campground,State Park,Roscommon,Crawford,North Higgins Lake  State Park,Modern,93,0,North Higgins Lake  State Park East,State,DNR,Dirt,Recreation,Unknown,44.51368754,-84.76338211
-84.232875101778816,45.4357290370992,6072,Campground,State Park,Gaylord,Presque Isle,Onaway State Park,Modern,85,0,Onaway State Park  ,State,DNR,Dirt,Recreation,Unknown,45.4357204,-84.23287
-86.315643161805099,44.281421775215158,6073,Campground,State Park,Cadillac,Manistee,Orchard Beach State Park,Modern,168,0,Orchard Beach State Park  ,State,DNR,Dirt,Recreation,Unknown,44.28141345,-86.31563755
-83.409393489868791,42.89685653420311,6074,Campground,State Park,Bay City,Oakland,Ortonville Recreation Area,Equestrian,25,0,Ortonville Recreation Area  ,State,DNR,Dirt,Recreation,Unknown,42.89684828,-83.40938891
-84.687630881067179,44.934078161847815,6075,Campground,State Park,Gaylord,Otsego,Otsego Lake State Park,Modern,99,4,Otsego Lake State Park North,State,DNR,Dirt,Recreation,Unknown,44.93406963,-84.6876257
-84.690835547542179,44.928941811455587,6076,Campground,State Park,Gaylord,Otsego,Otsego Lake State Park,Modern,52,0,Otsego Lake State Park South,State,DNR,Dirt,Recreation,Unknown,44.92893328,-84.69083036
-84.910084183118556,45.404004646902969,6077,Campground,State Park,Gaylord,Emmet,Petoskey State Park,Modern,80,0,Petoskey State Park Dune,State,DNR,Dirt,Recreation,Unknown,45.40399606,-84.91007888
-84.908364012123997,45.409023666808821,6078,Campground,State Park,Gaylord,Emmet,Petoskey State Park,Group,1,0,Petoskey State Park  ,State,DNR,Dirt,Recreation,Unknown,45.40901507,-84.90835871
-84.912840100417071,45.395198354944455,6079,Campground,State Park,Gaylord,Emmet,Petoskey State Park,Modern,100,5,Petoskey State Park Tannery Creek,State,DNR,Dirt,Recreation,Unknown,45.39518977,-84.91283479
-84.043627506777881,42.422773371120272,6080,Campground,State Park,Rose Lake,Washtenaw,Pickney Recreation Areas,Modern,185,0,Pickney Recreation Areas Bruin Lake,State,DNR,Dirt,Recreation,Unknown,42.42276523,-84.04362278
-83.980047534305612,42.422559516247205,6081,Campground,State Park,Rose Lake,Washtenaw,Pickney Recreation Areas,Rustic,20,0,Pickney Recreation Areas  ,State,DNR,Dirt,Recreation,Unknown,42.42255137,-83.98004283
-83.47013203821615,42.684773221817487,6082,Campground,State Park,Pontiac,Oakland,Pontiac Lake Recreation Area,Modern,176,0,Pontiac Lake Recreation Area  ,State,DNR,Dirt,Recreation,Unknown,42.68476501,-83.47012746
-83.482450239944441,42.686648935976166,6083,Campground,State Park,Pontiac,Oakland,Pontiac Lake Recreation Area,Organizational,1,0,Pontiac Lake Recreation Area  ,State,DNR,Dirt,Recreation,Unknown,42.68664072,-83.48244566
-89.978802715099278,46.706197728483389,6084,Campground,State Park,Baraga,Ontonagon,Porcupine Mountains State Park,Rustic,50,0,Porcupine Mountains State Park Presque Isle,State,DNR,Dirt,Recreation,Unknown,46.70618926,-89.97879568
-89.640421345084476,46.824049308870471,6085,Campground,State Park,Baraga,Ontonagon,Porcupine Mountains State Park,Modern,101,0,Porcupine Mountains State Park Union Bay,State,DNR,Dirt,Recreation,Unknown,46.8240408,-89.6404144
-83.051935649329934,44.009846460179297,6086,Campground,State Park,Bay City,Huron,Port Crescent State Park,Modern,137,0,Port Crescent State Park  ,State,DNR,Dirt,Recreation,Unknown,44.009838,-83.05193107
-83.526116317100346,42.562616275419082,6087,Campground,State Park,Pontiac,Oakland,Proud Lake Recreation Area,Modern,128,0,Proud Lake Recreation Area  ,State,DNR,Dirt,Recreation,Unknown,42.56260808,-83.52611174
-83.557108196333672,42.573814843985943,6088,Campground,State Park,Pontiac,Oakland,Proud Lake Recreation Area,Organizational,1,0,Proud Lake Recreation Area  ,State,DNR,Dirt,Recreation,Unknown,42.57380665,-83.5571036
-83.517080124925684,42.563142228857743,6089,Campground,State Park,Pontiac,Oakland,Proud Lake Recreation Area,Organizational,1,0,Proud Lake Recreation Area  ,State,DNR,Dirt,Recreation,Unknown,42.56313404,-83.51707555
-89.612686782217224,46.818363950192506,6090,Campground,State Park,Baraga,Ontonagon,Porcupine Mountains State Park,Group,10,0,Porcupine Mountains State Park  ,State,DNR,Dirt,Recreation,Unknown,46.81835544,-89.61267985
-89.679393136432353,46.753929362474089,6091,Campground,State Park,Baraga,Ontonagon,Porcupine Mountains State Park,Rustic,1,0,Porcupine Mountains State Park Lost Creek,State,DNR,Dirt,Recreation,Unknown,46.75392086,-89.67938619
-89.622519639543583,46.797820803568449,6092,Campground,State Park,Baraga,Ontonagon,Porcupine Mountains State Park,Rustic,1,0,Porcupine Mountains State Park Union River,State,DNR,Dirt,Recreation,Unknown,46.7978123,-89.6225127
-89.72661045585663,46.74272646184361,6093,Campground,State Park,Baraga,Ontonagon,Porcupine Mountains State Park,Rustic,1,0,Porcupine Mountains State Park White Pine,State,DNR,Dirt,Recreation,Unknown,46.74271797,-89.7266035
-83.655356490283694,42.80844480242942,6094,Campground,State Park,Bay City,Oakland,Seven Lakes State Park,Modern,75,4,Seven Lakes State Park  ,State,DNR,Dirt,Recreation,Unknown,42.80843657,-83.65535185
-86.495070133241228,43.66199285416198,6095,Campground,State Park,Cadillac,Oceana,Silver Lake State Park,Modern,203,12,Silver Lake State Park  ,State,DNR,Dirt,Recreation,Unknown,43.66198464,-86.49506454
-83.210549172106369,43.979574471811723,6096,Campground,State Park,Bay City,Huron,Sleeper State Park,Modern,223,7,Sleeper State Park  ,State,DNR,Dirt,Recreation,Unknown,43.97956602,-83.21054455
-84.686129202364199,44.424014316073666,6097,Campground,State Park,Roscommon,Roscommon,South Higgins Lake State Park,Modern,411,0,South Higgins Lake State Park  ,State,DNR,Dirt,Recreation,Unknown,44.42400587,-84.68612408
-83.336293577588719,41.905326330479944,6098,Campground,State Park,Pontiac,Monroe,Sterling State Park,Modern,261,0,Sterling State Park  ,State,DNR,Dirt,Recreation,Unknown,41.90531825,-83.33628911
-84.722155504677715,45.854158864403026,6099,Campground,State Park,Gaylord,Mackinac,Straits State Park,Modern,313,0,Straits State Park  ,State,DNR,Dirt,Recreation,Unknown,45.85415019,-84.7221502
-84.71812258913485,45.8492095739905,6100,Campground,State Park,Gaylord,Mackinac,Straits State Park,Modern,1,0,Straits State Park  ,State,DNR,Dirt,Recreation,Unknown,45.8492009,-84.71811729
-85.036775486010669,46.558986660626552,6101,Campground,State Park,Gaylord,Luce,Tahquamenon Falls State Park,Modern,72,4,Tahquamenon Falls State Park Rivermouth,State,DNR,Dirt,Recreation,Unknown,46.5589779,-85.03677
-85.037918086355731,46.555876298535615,6102,Campground,State Park,Gaylord,Luce,Tahquamenon Falls State Park,Semi Modern,36,0,Tahquamenon Falls State Park Rivermouth,State,DNR,Dirt,Recreation,Unknown,46.55586753,-85.0379126
-85.208978988064459,46.608697454550722,6103,Campground,State Park,Gaylord,Luce,Tahquamenon Falls State Park,Modern,88,0,Tahquamenon Falls State Park Lower Falls,State,DNR,Dirt,Recreation,Unknown,46.60868869,-85.20897344
-85.197974165525835,46.603356021921329,6104,Campground,State Park,Gaylord,Luce,Tahquamenon Falls State Park,Modern,81,8,Tahquamenon Falls State Park Lower Falls,State,DNR,Dirt,Recreation,Unknown,46.60334726,-85.19796862
-83.444474546951795,44.258268243617081,6105,Campground,State Park,Roscommon,Iosco,Tawas Point State Park,Modern,195,0,Tawas Point State Park  ,State,DNR,Dirt,Recreation,Unknown,44.25825976,-83.44446982
-85.549854726851521,44.746149343858683,6106,Campground,State Park,Roscommon,Grand Traverse,Traverse City State Park,Modern,343,0,Traverse City State Park  ,State,DNR,Dirt,Recreation,Unknown,44.74614089,-85.5498493
-85.551514628548603,44.744895034611872,6107,Campground,State Park,Roscommon,Grand Traverse,Traverse City State Park,Organizational,1,0,Traverse City State Park  ,State,DNR,Dirt,Recreation,Unknown,44.74488659,-85.5515092
-88.85795247336651,46.889672180037934,6108,Campground,State Park,Baraga,Houghton,Twin Lakes State Park,Modern,60,0,Twin Lakes State Park  ,State,DNR,Dirt,Recreation,Unknown,46.88966361,-88.85794576
-86.304601635192029,42.330028079749887,6109,Campground,State Park,Plainwell,Van Buren,Van Buren State Park,Modern,220,0,Van Buren State Park  ,State,DNR,Dirt,Recreation,Unknown,42.33002008,-86.30459623
-86.30022019714086,42.332005946599104,6110,Campground,State Park,Plainwell,Van Buren,Van Buren State Park,Organizational,1,0,Van Buren State Park  ,State,DNR,Dirt,Recreation,Unknown,42.33199794,-86.3002148
-87.987427792617282,46.519517193984484,6111,Campground,State Park,Baraga,Marquette,Van Riper State Park,Modern,147,2,Van Riper State Park  ,State,DNR,Dirt,Recreation,Unknown,46.51950862,-87.98742139
-87.99309349081949,46.519257680477182,6112,Campground,State Park,Baraga,Marguette,Van Riper State Park,Rustic,40,0,Van Riper State Park  ,State,DNR,Dirt,Recreation,Unknown,46.51924911,-87.99308709
-84.131552202663968,42.066074223819115,6113,Campground,State Park,Rose Lake,Lenawee,W.J. Hayes State Park,Modern,175,10,W.J. Hayes State Park  ,State,DNR,Dirt,Recreation,Unknown,42.06606615,-84.13154748
-86.587898621085102,41.910542123145575,6114,Campground,State Park,Plainwell,Berrien,Warren Dunes State Park,Modern,182,0,Warren Dunes State Park  ,State,DNR,Dirt,Recreation,Unknown,41.91053421,-86.58789318
-86.583644212978399,41.915575465355587,6115,Campground,State Park,Plainwell,Berrien,Warren Dunes State Park,Rustic,37,0,Warren Dunes State Park  ,State,DNR,Dirt,Recreation,Unknown,41.91556755,-86.58363877
-86.581066642117932,41.921862937842505,6116,Campground,State Park,Plainwell,Berrien,Warren Dunes State Park,Organizational,1,0,Warren Dunes State Park  ,State,DNR,Dirt,Recreation,Unknown,41.92185502,-86.5810612
-84.121786384126338,42.341987726567147,6117,Campground,State Park,Rose Lake,Jackson,Waterloo Recreation Area,Modern,154,10,Waterloo Recreation Area Sugarloaf Lake,State,DNR,Dirt,Recreation,Unknown,42.3419796,-84.12178164
-84.071406379280091,42.364367293683422,6118,Campground,State Park,Rose Lake,Jackson,Waterloo Recreation Area,Rustic,1,0,Waterloo Recreation Area Green Lake,State,DNR,Dirt,Recreation,Unknown,42.36435916,-84.07140165
-84.12939410899763,42.333074613984643,6119,Campground,State Park,Rose Lake,Jackson,Waterloo Recreation Area,Equestrian,1,0,Waterloo Recreation Area Green Lake,State,DNR,Dirt,Recreation,Unknown,42.33306649,-84.12938936
-84.236124994856951,42.328755862309805,6120,Campground,State Park,Rose Lake,Jackson,Waterloo Recreation Area,Modern,130,7,Waterloo Recreation Area Portage Lake,State,DNR,Dirt,Recreation,Unknown,42.32874775,-84.23612022
-84.886297923689497,45.754238507762878,6121,Campground,State Park,Gaylord,Emmet,WIlderness State Park,Organizational,1,0,WIlderness State Park  ,State,DNR,Dirt,Recreation,Unknown,45.75422986,-84.88629258
-84.899843468389591,45.744092038960041,6122,Campground,State Park,Gaylord,Emmet,Wilderness State Park,Modern,100,0,Wilderness State Park Pines,State,DNR,Dirt,Recreation,Unknown,45.74408339,-84.89983813
-84.900264830390995,45.74593800325529,6123,Campground,State Park,Gaylord,Emmet,Wilderness State Park,Modern,150,0,Wilderness State Park Lakeshore,State,DNR,Dirt,Recreation,Unknown,45.74592936,-84.90025949
-84.805610492507341,44.030536281186691,6124,Campground,State Park,Cadillac,Clare,Wilson State Park,Modern,100,0,Wilson State Park  ,State,DNR,Dirt,Recreation,Unknown,44.03052791,-84.80560537
-84.803544549492756,44.027326600754627,6125,Campground,State Park,Cadillac,Clare,Wilson State Park,Modern,59,0,Wilson State Park  ,State,DNR,Dirt,Recreation,Unknown,44.02731823,-84.80353943
-84.801765347171639,44.026211281779098,6126,Campground,State Park,Cadillac,Clare,Wilson State Park,Organizational,1,0,Wilson State Park  ,State,DNR,Dirt,Recreation,Unknown,44.02620291,-84.80176023
-85.455275361158485,42.618475244266683,6127,Campground,State Park,Plainwell,Barry,Yankee Springs Recreation Area,Rustic,119,0,Yankee Springs Recreation Area Deep Lake,State,DNR,Dirt,Recreation,Unknown,42.61846714,-85.45527019
-85.51915193881382,42.618206677296044,6128,Campground,State Park,Plainwell,Barry,Yankee Springs Recreation Area,Modern,200,12,Yankee Springs Recreation Area Gun Lake,State,DNR,Dirt,Recreation,Unknown,42.61819858,-85.51914675
-85.471997042382725,42.600523594288468,6129,Campground,State Park,Plainwell,Barry,Yankee Springs Recreation Area,Equestrian,1,0,Yankee Springs Recreation Area  ,State,DNR,Dirt,Recreation,Unknown,42.6005155,-85.47199186
-85.056544567417333,45.238211709923725,6130,Campground,State Park,Gaylord,Charlevoix,Young State Park,Modern,148,0,Young State Park Spruce,State,DNR,Dirt,Recreation,Unknown,45.23820315,-85.05653923
-85.061452136534101,45.23554426078892,6131,Campground,State Park,Gaylord,Charlevoix,Young State Park,Modern,51,3,Young State Park Oak,State,DNR,Dirt,Recreation,Unknown,45.23553571,-85.0614468
-85.058752035744106,45.234120071836237,6132,Campground,State Park,Gaylord,Charlevoix,Young State Park,Modern,41,5,Young State Park Terrace,State,DNR,Dirt,Recreation,Unknown,45.23411152,-85.0587467
-83.459051267267398,42.689151872493106,12799,Campground,,Pontiac,Oakland,Pontiac Lake Recreation Area,Equestrian,1,0,Pontiac Lake Recreation Area  ,State,DNR,Dirt,,Good,42.68914366,-83.45904669
-83.86646258977909,42.506020085855148,13149,Campground,,Rose Lake,Livingston,Brighton Recreation Area,Equestrian,8,0,Brighton Recreation Area Horseman's,State,DNR,Dirt,,Good,42.50601192,-83.86645791
