First,Last,Age,Sex
Sarah,Poole,15,F
Boris,Dowd,52,M
Jessica,Wilkins,12,F
Diane,Murray,58,F
Donna,Kelly,56,F
Felicity,Langdon,4,F
Ruth,Bailey,14,F
Adam,Brown,0,M
Alison,Bower,28,F
Jennifer,McDonald,27,F
Owen,Mathis,11,M
Amanda,Short,14,F
Samantha,Hunter,67,F
Phil,Stewart,3,M
Liam,Buckland,19,M
Kevin,Arnold,58,M
Jack,Gibson,55,M
Rebecca,Baker,12,F
Victor,Wallace,48,M
Owen,Wilson,21,M
Joshua,James,3,M
Dylan,Nash,69,M
Victoria,Ince,56,F
Penelope,Fraser,40,F
Molly,Slater,29,F
Stewart,Terry,69,M
Sean,Reid,53,M
Katherine,Dickens,6,F
Julian,Walker,25,M
Neil,White,21,M
Anna,Hamilton,66,F
Julian,Nash,22,M
Edward,MacDonald,68,M
Alexander,Davies,40,M
Colin,Miller,48,M
Rachel,Springer,7,F
Jonathan,Forsyth,40,M
Tracey,Randall,49,F
Ella,Watson,33,F
Alexandra,Walker,20,F
Yvonne,Lyman,28,F
Caroline,Lawrence,61,F
Katherine,James,50,F
Jonathan,Brown,61,M
Austin,Wilson,38,M
Ian,Young,23,M
Blake,Nash,10,M
Matt,Marshall,26,M
Christopher,Churchill,62,M
Maria,Brown,44,F
Gabrielle,Dowd,35,F
Alexander,Hart,28,M
Jason,Mathis,5,M
Nicola,Hart,1,F
Amanda,Hamilton,25,F
Sebastian,Roberts,3,M
Owen,Johnston,7,M
Leah,Stewart,63,F
Yvonne,Ince,58,F
Frank,Quinn,26,M
Sonia,Powell,18,F
William,McGrath,53,M
Trevor,Forsyth,39,M
Lauren,MacLeod,60,F
Angela,Fraser,66,F
Joan,Kerr,39,F
Rachel,Henderson,41,F
Lauren,Randall,11,F
Victoria,Buckland,11,F
Jennifer,Cameron,51,F
Lucas,Hemmings,44,M
Keith,Parr,55,M
Amanda,Fraser,1,F
Nathan,Sutherland,5,M
Olivia,Thomson,7,F
Liam,Miller,5,M
Jason,Murray,13,M
Steven,McGrath,9,M
Charles,Peake,15,M
Christopher,Murray,6,M
Cameron,Black,61,M
Sally,Campbell,12,F
Alexander,Sanderson,26,M
Kylie,Peters,1,F
Nathan,Allan,48,M
Charles,Burgess,4,M
Natalie,Campbell,56,F
Molly,Ross,40,F
Dan,Underwood,1,M
Evan,McLean,40,M
Julia,Hamilton,45,F
Carl,Henderson,64,M
Sean,Hill,68,M
Owen,Burgess,51,M
Liam,Parsons,11,M
Pippa,Buckland,45,F
Theresa,Brown,27,F
Alexander,Hughes,26,M
Andrea,Morrison,47,F
Joe,Anderson,22,M
Pippa,McGrath,50,F
Audrey,McDonald,51,F
Connor,Ball,45,M
Adrian,Manning,25,M
Victoria,Mackenzie,17,F
Leah,Ellison,11,F
Eric,Harris,40,M
Cameron,Abraham,32,M
Carl,Thomson,8,M
Heather,McGrath,13,F
Dylan,Cornish,45,M
Liam,Mackenzie,13,M
Zoe,Buckland,57,F
Theresa,Murray,17,F
Victor,Bell,64,M
Benjamin,Sanderson,38,M
Irene,Hughes,37,F
Piers,Walker,11,M
Hannah,Peake,30,F
Lillian,Martin,64,F
Tim,Kerr,26,M
Peter,Knox,33,M
Isaac,Springer,24,M
Tracey,Rampling,44,F
Richard,Kelly,6,M
Adrian,McLean,61,M
Joshua,Kelly,27,M
Jennifer,Morgan,18,F
Jane,Buckland,5,F
Ella,MacLeod,43,F
Anne,Peters,20,F
Gordon,Hunter,67,M
Charles,Forsyth,29,M
Wanda,Allan,2,F
Liam,Vaughan,62,M
Neil,Powell,30,M
Gabrielle,Hardacre,8,F
Jasmine,Alsop,51,F
Dan,Berry,57,M
Alexandra,Bell,28,F
Irene,Jackson,3,F
Zoe,Welch,27,F
Stephen,Underwood,17,M
Christopher,Johnston,2,M
Jan,Hodges,33,F
Jessica,Alsop,26,F
Blake,Hart,32,M
Kimberly,Hodges,64,F
Sebastian,Fraser,49,M
Madeleine,Rees,67,F
Leah,Skinner,25,F
Simon,Ellison,13,M
Julian,Berry,4,M
Jason,Young,46,M
Lucas,Hudson,56,M
Fiona,Ogden,51,F
Steven,Marshall,63,M
Victoria,Taylor,5,F
Charles,Hill,53,M
Alan,Edmunds,4,M
Jane,Hudson,15,F
Sophie,Gray,13,F
Sophie,Wright,33,F
Anthony,McLean,3,M
James,Quinn,28,M
Amy,King,11,F
Claire,Sanderson,47,F
Virginia,Lee,62,F
Andrea,Rutherford,54,F
Stephen,Payne,60,M
Jonathan,Knox,44,M
Alexandra,Lyman,33,F
Jan,Randall,11,F
Paul,Peters,63,M
Jessica,Quinn,20,F
Frank,McLean,9,M
Caroline,Vaughan,21,F
Brian,Rutherford,22,M
Jake,Welch,54,M
Nicholas,Bond,50,M
Diane,Fisher,4,F
Ruth,McDonald,22,F
Nicholas,Johnston,16,M
Stewart,Brown,40,M
Phil,Underwood,51,M
Alexander,Paige,38,M
Bernadette,Dickens,63,F
Gordon,Ross,1,M
Grace,Fraser,28,F
Keith,Baker,41,M
Amelia,Grant,54,F
Sally,Dickens,49,F
Lucas,Allan,13,M
Emily,Dickens,19,F
Donna,Rutherford,37,F
Jan,Gill,22,F
Rebecca,Nash,13,F
Justin,Slater,65,M
Jonathan,Marshall,8,M
Blake,Allan,16,M
